{"WLu6lCpT44BbvDkFGjHzpQ==":"andreas-banner.jpeg","Hmjo9Xoh9qi5GjpLo/0eHQ==":"background1.jpg","d1rKJ3ocnyibB2dIHlRu7g==":"mbr.jpg","N2+BLhJrC7HFNKpRYUrvvw==":"progress.png","OCic+A++oWwj9Q/v8EBLEQ==":"ricktwd.gif","3a+bh+hxFs5h6lM8oDgGhQ==":"mhfarmpngbig.png","KHOGe4cVCwFbuZk+Z23JXA==":"gradient.png","qu1oOF6z0YK6sts0RKf4+A==":"axg-1.png","Yc26WD0eeF66NLSfJ/u35Q==":"jakepronger-240x240.png","G+Esi6ZkQ/MHmexUEy510Q==":"exploitability-240x240.png","wubbia/sKf/wJmVhhkGouA==":"kinghunter2019-240x240.png","w1e1F4bo1n6pwEpjv2m1zA==":"face2.jpg","TTrrALD2Ue30epqMi9PCyw==":"2020-10-02-20.40.21-1920x1017.png","l1VutAEp6g/yAJ9iM5I5lg==":"axdreaswrdn.png"}